<?xml version="1.0" encoding="UTF-8"?>
<definitions xmlns="http://www.omg.org/spec/BPMN/20100524/MODEL" xmlns:xsi="http://www.w3.org/2001/XMLSchema-instance" xmlns:xsd="http://www.w3.org/2001/XMLSchema" xmlns:activiti="http://activiti.org/bpmn" xmlns:bpmndi="http://www.omg.org/spec/BPMN/20100524/DI" xmlns:omgdc="http://www.omg.org/spec/DD/20100524/DC" xmlns:omgdi="http://www.omg.org/spec/DD/20100524/DI" typeLanguage="http://www.w3.org/2001/XMLSchema" expressionLanguage="http://www.w3.org/1999/XPath" targetNamespace="http://www.activiti.org/test">
  <process id="second_approve" name="二级审批流程" isExecutable="true">
    <startEvent id="startevent" name="开始"></startEvent>
    <userTask id="submitForm" name="填写审批信息">
      <extensionElements>
        <activiti:formProperty id="message" name="申请信息" type="string" required="true"></activiti:formProperty>
        <activiti:formProperty id="name" name="申请人姓名" type="string" required="true"></activiti:formProperty>
        <activiti:formProperty id="submitTime" name="提交时间" type="date" datePattern="yyyy-MM-dd" required="true"></activiti:formProperty>
        <activiti:formProperty id="submitType" name="确认申请" type="string" required="true"></activiti:formProperty>
      </extensionElements>
    </userTask>
    <sequenceFlow id="flow1" sourceRef="startevent" targetRef="submitForm"></sequenceFlow>
    <exclusiveGateway id="decideSubmit" name="提交OR取消"></exclusiveGateway>
    <sequenceFlow id="flow2" sourceRef="submitForm" targetRef="decideSubmit"></sequenceFlow>
    <userTask id="tl_approve" name="主管审批">
      <extensionElements>
        <activiti:formProperty id="tlApprove" name="主管审批结果" type="string" required="true"></activiti:formProperty>
        <activiti:formProperty id="tlMessage" name="主管备注" type="string" required="true"></activiti:formProperty>
      </extensionElements>
    </userTask>
    <sequenceFlow id="flow3" sourceRef="decideSubmit" targetRef="tl_approve">
      <conditionExpression xsi:type="tFormalExpression"><![CDATA[${submitType == "Y" || submitType == "y"}]]></conditionExpression>
    </sequenceFlow>
    <exclusiveGateway id="decideTLApprove" name="主管审批校验"></exclusiveGateway>
    <sequenceFlow id="flow4" sourceRef="tl_approve" targetRef="decideTLApprove"></sequenceFlow>
    <userTask id="hr_approve" name="人事审批">
      <extensionElements>
        <activiti:formProperty id="hrApprove" name="人事审批结果" type="string" required="true"></activiti:formProperty>
        <activiti:formProperty id="hrMessage" name="人事备注" type="string" required="true"></activiti:formProperty>
      </extensionElements>
    </userTask>
    <sequenceFlow id="flow5" sourceRef="decideTLApprove" targetRef="hr_approve">
      <conditionExpression xsi:type="tFormalExpression"><![CDATA[${tlApprove == "Y" || tlApprove == "y"}]]></conditionExpression>
    </sequenceFlow>
    <exclusiveGateway id="decideHRApprove" name="人事审批校验"></exclusiveGateway>
    <sequenceFlow id="flow6" sourceRef="hr_approve" targetRef="decideHRApprove"></sequenceFlow>
    <endEvent id="endEvent" name="结束"></endEvent>
    <sequenceFlow id="flow7" sourceRef="decideHRApprove" targetRef="endEvent">
      <conditionExpression xsi:type="tFormalExpression"><![CDATA[${hrApprove == "Y" || tlApprove == "y"}]]></conditionExpression>
    </sequenceFlow>
    <endEvent id="endEventCancel" name="取消"></endEvent>
    <sequenceFlow id="flow8" sourceRef="decideSubmit" targetRef="endEventCancel">
      <conditionExpression xsi:type="tFormalExpression"><![CDATA[${submitType == "N" || submitType == "n"}]]></conditionExpression>
    </sequenceFlow>
    <sequenceFlow id="flow9" sourceRef="decideTLApprove" targetRef="submitForm">
      <conditionExpression xsi:type="tFormalExpression"><![CDATA[${tlApprove == "N" || tlApprove == "n"}]]></conditionExpression>
    </sequenceFlow>
    <sequenceFlow id="flow10" sourceRef="decideHRApprove" targetRef="submitForm">
      <conditionExpression xsi:type="tFormalExpression"><![CDATA[${hrApprove == "N" || hrApprove == "n"}]]></conditionExpression>
    </sequenceFlow>
  </process>
  <bpmndi:BPMNDiagram id="BPMNDiagram_second_approve">
    <bpmndi:BPMNPlane bpmnElement="second_approve" id="BPMNPlane_second_approve">
      <bpmndi:BPMNShape bpmnElement="startevent" id="BPMNShape_startevent">
        <omgdc:Bounds height="35.0" width="35.0" x="50.0" y="221.0"></omgdc:Bounds>
      </bpmndi:BPMNShape>
      <bpmndi:BPMNShape bpmnElement="submitForm" id="BPMNShape_submitForm">
        <omgdc:Bounds height="55.0" width="105.0" x="130.0" y="211.0"></omgdc:Bounds>
      </bpmndi:BPMNShape>
      <bpmndi:BPMNShape bpmnElement="decideSubmit" id="BPMNShape_decideSubmit">
        <omgdc:Bounds height="40.0" width="40.0" x="280.0" y="219.0"></omgdc:Bounds>
      </bpmndi:BPMNShape>
      <bpmndi:BPMNShape bpmnElement="tl_approve" id="BPMNShape_tl_approve">
        <omgdc:Bounds height="55.0" width="105.0" x="365.0" y="212.0"></omgdc:Bounds>
      </bpmndi:BPMNShape>
      <bpmndi:BPMNShape bpmnElement="decideTLApprove" id="BPMNShape_decideTLApprove">
        <omgdc:Bounds height="91.0" width="41.0" x="515.0" y="220.0"></omgdc:Bounds>
      </bpmndi:BPMNShape>
      <bpmndi:BPMNShape bpmnElement="hr_approve" id="BPMNShape_hr_approve">
        <omgdc:Bounds height="55.0" width="105.0" x="600.0" y="213.0"></omgdc:Bounds>
      </bpmndi:BPMNShape>
      <bpmndi:BPMNShape bpmnElement="decideHRApprove" id="BPMNShape_decideHRApprove">
        <omgdc:Bounds height="40.0" width="40.0" x="760.0" y="220.0"></omgdc:Bounds>
      </bpmndi:BPMNShape>
      <bpmndi:BPMNShape bpmnElement="endEvent" id="BPMNShape_endEvent">
        <omgdc:Bounds height="35.0" width="35.0" x="845.0" y="223.0"></omgdc:Bounds>
      </bpmndi:BPMNShape>
      <bpmndi:BPMNShape bpmnElement="endEventCancel" id="BPMNShape_endEventCancel">
        <omgdc:Bounds height="35.0" width="35.0" x="400.0" y="320.0"></omgdc:Bounds>
      </bpmndi:BPMNShape>
      <bpmndi:BPMNEdge bpmnElement="flow1" id="BPMNEdge_flow1">
        <omgdi:waypoint x="85.0" y="238.0"></omgdi:waypoint>
        <omgdi:waypoint x="130.0" y="238.0"></omgdi:waypoint>
      </bpmndi:BPMNEdge>
      <bpmndi:BPMNEdge bpmnElement="flow2" id="BPMNEdge_flow2">
        <omgdi:waypoint x="235.0" y="238.0"></omgdi:waypoint>
        <omgdi:waypoint x="280.0" y="239.0"></omgdi:waypoint>
      </bpmndi:BPMNEdge>
      <bpmndi:BPMNEdge bpmnElement="flow3" id="BPMNEdge_flow3">
        <omgdi:waypoint x="320.0" y="239.0"></omgdi:waypoint>
        <omgdi:waypoint x="365.0" y="239.0"></omgdi:waypoint>
      </bpmndi:BPMNEdge>
      <bpmndi:BPMNEdge bpmnElement="flow4" id="BPMNEdge_flow4">
        <omgdi:waypoint x="470.0" y="239.0"></omgdi:waypoint>
        <omgdi:waypoint x="515.0" y="265.0"></omgdi:waypoint>
      </bpmndi:BPMNEdge>
      <bpmndi:BPMNEdge bpmnElement="flow5" id="BPMNEdge_flow5">
        <omgdi:waypoint x="556.0" y="265.0"></omgdi:waypoint>
        <omgdi:waypoint x="600.0" y="240.0"></omgdi:waypoint>
      </bpmndi:BPMNEdge>
      <bpmndi:BPMNEdge bpmnElement="flow6" id="BPMNEdge_flow6">
        <omgdi:waypoint x="705.0" y="240.0"></omgdi:waypoint>
        <omgdi:waypoint x="760.0" y="240.0"></omgdi:waypoint>
      </bpmndi:BPMNEdge>
      <bpmndi:BPMNEdge bpmnElement="flow7" id="BPMNEdge_flow7">
        <omgdi:waypoint x="800.0" y="240.0"></omgdi:waypoint>
        <omgdi:waypoint x="845.0" y="240.0"></omgdi:waypoint>
      </bpmndi:BPMNEdge>
      <bpmndi:BPMNEdge bpmnElement="flow8" id="BPMNEdge_flow8">
        <omgdi:waypoint x="300.0" y="259.0"></omgdi:waypoint>
        <omgdi:waypoint x="300.0" y="337.0"></omgdi:waypoint>
        <omgdi:waypoint x="400.0" y="337.0"></omgdi:waypoint>
      </bpmndi:BPMNEdge>
      <bpmndi:BPMNEdge bpmnElement="flow9" id="BPMNEdge_flow9">
        <omgdi:waypoint x="535.0" y="311.0"></omgdi:waypoint>
        <omgdi:waypoint x="534.0" y="417.0"></omgdi:waypoint>
        <omgdi:waypoint x="376.0" y="417.0"></omgdi:waypoint>
        <omgdi:waypoint x="182.0" y="417.0"></omgdi:waypoint>
        <omgdi:waypoint x="182.0" y="266.0"></omgdi:waypoint>
      </bpmndi:BPMNEdge>
      <bpmndi:BPMNEdge bpmnElement="flow10" id="BPMNEdge_flow10">
        <omgdi:waypoint x="780.0" y="220.0"></omgdi:waypoint>
        <omgdi:waypoint x="779.0" y="137.0"></omgdi:waypoint>
        <omgdi:waypoint x="500.0" y="137.0"></omgdi:waypoint>
        <omgdi:waypoint x="182.0" y="137.0"></omgdi:waypoint>
        <omgdi:waypoint x="182.0" y="211.0"></omgdi:waypoint>
      </bpmndi:BPMNEdge>
    </bpmndi:BPMNPlane>
  </bpmndi:BPMNDiagram>
</definitions>