<?xml version="1.0" encoding="UTF-8"?>
<feature
      id="org.eclipse.ecf.filetransfer.feature"
      label="%featureName"
      version="3.14.1900.v20230715-1945"
      provider-name="%providerName">

   <description url="http://www.eclipse.org/ecf">
      This feature provides the ECF Filetransfer API bundle.  This API is used
by the Eclipse platform to support P2 filetransfer and is required for any of the ECF FileTransfer providers.
   </description>

   <copyright>
      %copyright
   </copyright>

   <license url="%licenseURL">
      %license
   </license>

   <requires>
      <import plugin="org.eclipse.ecf"/>
      <import plugin="org.eclipse.ecf.identity"/>
   </requires>

   <plugin
         id="org.eclipse.ecf.filetransfer"
         download-size="55"
         install-size="86"
         version="5.1.103.v20230705-0614"
         unpack="false"/>

   <plugin
         id="org.eclipse.ecf.provider.filetransfer"
         download-size="134"
         install-size="279"
         version="3.3.0.v20230422-0242"
         unpack="false"/>

</feature>
