<?xml version="1.0" encoding="UTF-8"?>
<feature
      id="org.eclipse.ecf.filetransfer.httpclientjava.feature"
      label="%featureName"
      version="2.0.200.v20231114-1017"
      provider-name="%providerName">

   <description url="%descriptionURL">
      %description
   </description>

   <copyright>
      %copyright
   </copyright>

   <license url="%licenseURL">
      %license
   </license>

   <requires>
      <import feature="org.eclipse.ecf.filetransfer.feature" version="3.9.0" match="compatible"/>
   </requires>

   <plugin
         id="org.eclipse.ecf.provider.filetransfer.httpclientjava"
         download-size="91"
         install-size="192"
         version="2.0.200.v20231114-1017"
         unpack="false"/>

</feature>
